left_side,right_side
software engineer,software engineer
software engineer,software engineer software engineer
software engineer,software engineering
software engineer,software engineer engineer
software engineer,engineer software engineer
software engineer,software engineer sap
software engineer,software engineer team
programmer analyst,programmer analyst
programmer analyst,programmer analyst programmer
programmer analyst,programmer analysts
programmer analyst,programmer analysis
programmer analyst,programmer analyst team
programmer analyst,programme analyst
programmer analyst,programmer analyst test
programmer analyst,associate programmer analyst
technology analyst,technology analyst
technology analyst,technology technology analyst
technology analyst,technology analyst technology
technology analyst,technology analyst analyst
technology analyst,technology analysis
technology analyst,technology analyst technology services
technology analyst,technology analyst team
technology analyst,associate technology analyst
technology analyst,technology analyst technical
software developer,software developer
software developer,software developer team
software developer,manager software developer
software developer,software developer test
software developer,software developer associate
software developer,software associate developer
software developer,software developer analyst
software developer,software developer specialist
software developer,software developer intern
network engineer,network engineer
network engineer,network enginer
network engineer,network engineer team
network engineer,network engineer manager
network engineer,network engineer associate
network engineer,network engineer tier
network engineer,network engineer analyst
network engineer,network engineer specialist
application developer,application developer
application developer,application developer sap
application developer,application developer team
application developer,application developer associate
application developer,application developer analyst
application developer,application developer specialist
application developer,net application developer
application developer,rational application developer
application developer,application developer intern
technical support engineer,technical support engineer
technical support engineer,technical support engineering
technical support engineer,technical support engineer support
technical support engineer,technicial support engineer
technical support engineer,tier technical support engineer
technical support engineer,technical support engineer tier
technical support engineer,associate technical support engineer
technical support engineer,technical support engineer specialist
technical support engineer,technical support eng
systems analyst,systems analyst
systems analyst,systems analyst systems analyst
systems analyst,systems analyst analyst
systems analyst,systems analysts
systems analyst,systems analysis
systems analyst,systems analyst team
systems analyst,manager systems analyst
systems analyst,systems services analyst
systems analyst,systems analyst associate
system administrator,system administrator
system administrator,system administration
system administrator,system administator
system administrator,system administrator team
system administrator,system administrator associate
system administrator,system administrator analyst
system administrator,analyst system administrator
system administrator,associate system administrator
system administrator,system adminstrator
java developer,java developer
java developer,java developer developer
java developer,java developer team
java developer,java developer intern
java developer,java developer technical
java developer,java developer project
java developer,java developer consultant
java developer,java developer web developer
java developer,java developer contractor
technical support specialist,technical support specialist
technical support specialist,technical support specialists
technical support specialist,technical sales support specialist
technical support specialist,user technical support specialist
technical support specialist,tier technical support specialist
technical support specialist,sales technical support specialist
technical support specialist,technical support specialist team
technical support specialist,technical support specialist tier
technical support specialist,specialist technical support
system analyst,system analyst
system analyst,analyst system analyst
system analyst,system analyst team
system analyst,system analysis
system analyst,system analyst test analyst
system analyst,associate system analyst
system analyst,system engineer system analyst
system analyst,team system analyst
system analyst,item analyst
systems administrator,systems administrator
systems administrator,systems administration
systems administrator,systems administrator team
systems administrator,systems administrator manager
systems administrator,tier systems administrator
systems administrator,systems administrator associate
systems administrator,systems administrator systems analyst
systems administrator,systems analyst administrator
systems administrator,systems administrator specialist
technology manager,technology manager
technology manager,technology technology manager
technology manager,technology manager technology project manager
technology manager,technology management
technology manager,technology specialist technology manager
technology manager,technical technology manager
technology manager,associate technology manager
technology manager,lot technology manager
technology manager,office technology manager
technical specialist,technical specialist
technical specialist,technical sales specialist
technical specialist,technical service specialist
technical specialist,sales technical specialist
technical specialist,technical specialist team
technical specialist,associate technical specialist
technical specialist,technical services specialist
technical specialist,technical specialist assistant
technical specialist,team technical specialist
database administrator,database administrator
database administrator,database administration
database administrator,database administrator team
database administrator,agent database administrator
database administrator,database administrator specialist
database administrator,database adminstrator
database administrator,database administrator analyst
database administrator,database analyst administrator
support specialist,support specialist
support specialist,user support specialist
support specialist,tier support specialist
support specialist,sales support specialist
support specialist,support service specialist
support specialist,support specialist team
support specialist,care support specialist
support specialist,service support specialist
programmer,programmer
programmer,programmer analyst programmer
programmer,programmerare
programmer,programmer team
programmer,event programmer
programmer,net programmer
programmer,programmer analyst
web developer,web developer
web developer,web developer developer
web developer,web developer analyst
web developer,web developer intern
web developer,web application developer web developer
web developer,net web developer
web developer,associate web developer
web developer,assistant web developer
technology support specialist,technology support specialist
technology support specialist,tier technology support specialist
technology support specialist,associate technology support specialist
technology support specialist,customer technology support specialist
technology support specialist,client technology support specialist
technology support specialist,technology support specialist sme
technology support specialist,technology support specialist intern
technology support specialist,verse technology support specialist
technology support specialist,customer support specialist technology support
customer support specialist,customer support specialist
customer support specialist,customer service support specialist
customer support specialist,customer care support specialist
customer support specialist,specialist customer support
customer support specialist,customer support specialist technical support
customer support specialist,technical support specialist customer support
customer support specialist,technical customer support specialist
customer support specialist,customer service sales support specialist
customer support specialist,support specialist
net developer,net developer
net developer,net developer intern
net developer,sitecore developer net developer
net developer,net developper
net developer,net developer consultant
net developer,net developer asp net developer conversion
net developer,associate net developer
net developer,developer developer
net developer,developer
network administrator,network administrator
network administrator,network administrator intern
network administrator,network admin
network administrator,network administrator engineer
network administrator,server network administrator
network administrator,assistant network administrator
network administrator,network administrator telecom
network administrator,network server administrator
network administrator,network administration supervisor
help desk technician,help desk technician
help desk technician,tier help desk technician
help desk technician,help desk technician level
help desk technician,level help desk technician
help desk technician,technology help desk technician
help desk technician,help desk team
help desk technician,help desk technology
help desk technician,computer help desk technician
help desk technician,help desk technical support
application support analyst,application support analyst
application support analyst,applications support analyst
application support analyst,technical application support analyst
application support analyst,clinical application support analyst
application support analyst,application support
application support analyst,business application support analyst
application support analyst,application production support analyst
application support analyst,production application support analyst
application support analyst,application technical support analyst
front end developer,front end developer
front end developer,frontend developer
front end developer,front end developer consultant
front end developer,front end developer designer
front end developer,designer front end developer
front end developer,web front end developer
applications engineer,applications engineer
applications engineer,applications engineer sales engineering
applications engineer,applications engineer intern
applications engineer,application operations engineer
applications engineer,application sales engineer
applications engineer,application engineer
applications engineer,technical applications engineer
applications engineer,applications engineering intern
desktop support specialist,desktop support specialist
desktop support specialist,desktop support specialist intern
desktop support specialist,desktop support
desktop support specialist,desktop specialist
desktop support specialist,remote desktop support specialist
desktop support specialist,desktop support eng
desktop support specialist,desktop support manager
desktop support specialist,desktop support team
telecommunications specialist,telecommunications specialist
telecommunications specialist,telecommunication specialist
telecommunications specialist,telecommunications operations specialist
telecommunications specialist,communications specialist
telecommunications specialist,telecommunications
telecommunications specialist,telecommunications sales
telecommunications specialist,technology telecommunications specialist
telecommunications specialist,telecommunications specialist project manager
telecommunications specialist,telecommunications manager
technology director,technology director
technology director,erp technology director
technology director,director technology
technology director,technology project director
technology director,information technology director
technology director,director technology delivery
technology director,technology consultant director
technology director,associate director technology
computer programmer,computer programmer
computer programmer,computer programmer analyst
computer programmer,computer programmer intern
computer programmer,computer assistant programmer
computer programmer,computer analyst programmer
computer programmer,computer programmer analyst level
computer programmer,computer systems programmer
computer programmer,system admin computer programmer
computer programmer,computer programmer systems analyst
help desk specialist,help desk specialist
help desk specialist,help desk specialist tier
help desk specialist,help desk support specialist
help desk specialist,trading help desk specialist
help desk specialist,producer help desk specialist
help desk specialist,technology help desk specialist
help desk specialist,help desk
help desk specialist,help desk sca
help desk specialist,pharmacy help desk specialist
director technology,director technology
director technology,director technology services
director technology,associate director technology
director technology,director sales technology
director technology,director technology management
director technology,managing director technology
director technology,director technology operations
director technology,technology director
software architect,software architect
software architect,associate software architect
software architect,software architect consultant
software architect,software client architect
software architect,developer software architect
software architect,software architect developer
software architect,software engineer architect
software architect,software developer architect
software architect,software solution architect
technology coordinator,technology coordinator
technology coordinator,data technology coordinator
technology coordinator,local technology coordinator
technology coordinator,technology coach coordinator
technology coordinator,technology asset coordinator
technology coordinator,technology support coordinator
technology coordinator,technology coordinator project manager
technology coordinator,technology project coordinator
technology coordinator,coordinator technology support
software quality assurance analyst,software quality assurance analyst
software quality assurance analyst,software quality assurance
software quality assurance analyst,software quality assurance analyst tester
software quality assurance analyst,software quality assurance manager
software quality assurance analyst,software quality assurance team
software quality assurance analyst,software quality assurance test
software quality assurance analyst,software quality assurance specialist
software quality assurance analyst,software quality analyst
software quality assurance analyst,software quality assurance intern
associate developer,associate developer
associate developer,developer associate
associate developer,associate development
associate developer,developer developer
associate developer,developer
associate developer,software associate developer
associate developer,associate development manager
associate developer,store developer
associate developer,associate software developer
system architect,system architect
system architect,system architect analyst
system architect,system architect network architect
system architect,sub system architect
system architect,systems architect
system architect,system analyst solution architect
system architect,team architect
system architect,pega system architect
network architect,network architect
network architect,associate network architect
network architect,network architect consultant
network architect,network architect engineer
network architect,system architect network architect
network architect,computer network architect
network architect,network engineer architect
network architect,network solution architect
systems software engineer,systems software engineer
systems software engineer,systems software engineer specialist
systems software engineer,software engineer systems
systems software engineer,software engineer systems engineer
systems software engineer,software systems engineer
systems software engineer,system software engineer
systems software engineer,software engineer systems analyst
systems software engineer,systems software engr
network systems administrator,network systems administrator
network systems administrator,network systems admin
network systems administrator,network system administrator
network systems administrator,systems network administrator
network systems administrator,network computer systems administrator
network systems administrator,network system admin
network systems administrator,systems administrator
cloud architect,cloud architect
cloud architect,cloud architect manager
cloud architect,aws cloud architect
cloud architect,director cloud architecture
cloud architect,enterprise cloud architect
cloud architect,azure cloud architect
cloud architect,cloud solution architect
cloud architect,cloud solutions architect
cloud architect,cloud security architect
computer systems analyst,computer systems analyst
computer systems analyst,computer system analyst
computer systems analyst,computer systems manager
computer systems analyst,computer programmer systems analyst
computer systems analyst,computer systems specialist
computer systems analyst,systems analyst systems analyst
computer systems analyst,manager systems analyst
computer systems analyst,computer systems operator
information security,information security
information security,manager information security
information security,information security manager
information security,information security associate
information security,information security admin
information security,information security analyst
information security,analyst information security
information security,information security specialist
information security,information security intern
chief information officer,chief information officer
chief information officer,chief information office
chief information officer,chief information officer cio
chief information officer,chief information security officer
chief information officer,information officer
chief information officer,chief information systems
customer support administrator,customer support administrator
customer support administrator,customer support administration
customer support administrator,support administrator
customer support administrator,customer support admin
customer support administrator,server support administrator
customer support administrator,sales support administrator
customer support administrator,administrator support
customer support administrator,customer administrator
customer support administrator,customer service administrative support
system designer,system designer
system designer,sales consultant system designer
system designer,systems designer
system designer,instructional system designer
system designer,smart home system designer
system designer,magnolia system designer
system designer,system design engineer
cloud consultant,cloud consultant
cloud consultant,consultant cloud
cloud consultant,consultant cloud services
cloud consultant,cloud engineer consultant
cloud consultant,azure cloud consultant
cloud consultant,cloud solutions consultant
cloud consultant,cloud technology consultant
cloud consultant,technical cloud sales consultant
technology support manager,technology support manager
technology support manager,manager technology support
technology support manager,technology support
technology support manager,technology support technology
technology support manager,technology support mentor
technology support manager,centers technology support manager
technology support manager,technology support sales
technology support manager,technology support agent
technology support manager,technology support team
network system administrator,network system administrator
network system administrator,network system admin
network system administrator,network systems administrator
network system administrator,network analyst system administrator
network system administrator,network engineer system administrator
network system administrator,technology network system administrator
network system administrator,network computer system administrator
network system administrator,system network administrator
webmaster,webmaster
technology systems administrator,technology systems administrator
technology systems administrator,technology system administrator
technology systems administrator,systems administrator technology consultant
technology systems administrator,technology specialist system administrator
technology systems administrator,systems administrator
technology systems administrator,technology administrator
technology systems administrator,tier systems administrator
technology systems administrator,system administrator technology
systems designer,systems designer
systems designer,systems designer developer
systems designer,control systems designer
systems designer,system designer
systems designer,instructional systems designer
systems designer,systems design engineer
systems designer,sales designer
chief technology officer,chief technology officer
chief technology officer,chief technology officer cto
chief technology officer,account chief technology officer
chief technology officer,vice president chief technology officer
chief technology officer,technology officer
chief technology officer,chief technologist
web administrator,web administrator
web administrator,lab administrator
web administrator,web content administrator
desktop support manager,desktop support manager
desktop support manager,desktop support
desktop support manager,desktop support eng
desktop support manager,desktop support agent
desktop support manager,desktop support team
desktop support manager,desktop support analyst
desktop support manager,desktop support associate
desktop support manager,site manager desktop support
desktop support manager,desktop support assistant
cloud system engineer,cloud system engineer
cloud system engineer,cloud systems engineer
cloud system engineer,cloud services systems engineer
cloud system engineer,system engineer
cloud system engineer,cloud engineer
cloud system engineer,cloud sales engineer
network computer systems administrator,network computer systems administrator
network computer systems administrator,network computer system administrator
network computer systems administrator,computer systems administrator
network computer systems administrator,network systems administrator
network computer systems administrator,network systems admin
network computer systems administrator,systems network administrator
network computer systems administrator,network system administrator
data quality manager,data quality manager
data quality manager,data quality analyst
data quality manager,data quality specialist
data quality manager,data quality supervisor
data quality manager,data quality engineer
data quality manager,quality manager
data quality manager,data quality coordinator
computer systems manager,computer systems manager
computer systems manager,computer systems analyst
computer systems manager,computer systems specialist
computer systems manager,computer systems operator
computer systems manager,computer systems technician
computer systems manager,computer systems engineer
computer systems manager,computer information systems manager
computer systems manager,computer systems administrator
cloud product project manager,cloud product project manager
cloud product project manager,project product manager
cloud product project manager,product project manager
cloud product project manager,product project management
cloud product project manager,project manager product manager
cloud product project manager,product manager project manager
cloud services developer,cloud services developer
cloud services developer,cloud developer
cloud services developer,cloud services sales
cloud services developer,cloud services manager
cloud software network engineer,cloud software network engineer
cloud software network engineer,cloud network engineer
cloud software network engineer,cloud software engineer
cloud system administrator,cloud system administrator
cloud system administrator,cloud administrator
cloud system administrator,system administrator
cloud system administrator,analyst system administrator
cloud system administrator,associate system administrator
cloud system administrator,assistant system administrator
computer information research scientist,computer information research scientist
computer information systems manager,computer information systems manager
computer information systems manager,information systems manager
computer information systems manager,manager information systems
computer information systems manager,computer systems manager
computer information systems manager,manager information systems auditor
computer information systems manager,information systems
computer information systems manager,information systems intern
computer information systems manager,information systems analyst
computer network architect,computer network architect
computer network architect,network architect
computer network architect,associate network architect
computer network architect,system architect network architect
computer network architect,computer network specialist
computer network architect,computer network technician
data center support specialist,data center support specialist
data center support specialist,data center specialist
data center support specialist,support center specialist
data center support specialist,data support specialist
data center support specialist,data center support analyst
data center support specialist,data center network support specialist
data center support specialist,data center support technician
data center support specialist,mis support center specialist
data center support specialist,data center support emc
data center support specialist,contact center support specialist
management information systems director,management information systems director
management information systems director,management information systems specialist
management information systems director,director information systems
management information systems director,information systems manager
management information systems director,manager information systems
management information systems director,information systems
management information systems director,analyst information systems
technical operations officer,technical operations officer
technical operations officer,technical officer
technical operations officer,operations officer
technical operations officer,technical operations
technical operations officer,technical support officer operations
technical operations officer,technical operations manager
database administrator,gis oracle geodatabase administrator
support specialist,staff support specialist
support specialist,field support specialist
database administrator,mysql database administrator
net developer,dot net developer
database administrator,database administrator dba
technology support manager,division technology support manager
software engineer,principle software engineer
director technology,director business technology
help desk technician,itd help desk technician
java developer,java api developer
support specialist,field support credit specialist
java developer,full stack java developer
technical specialist,technical billing specialist
software engineer,software engineer swe
software engineer,software engineer microsoft
network engineer,network engineer msods
technical support engineer,remote technical support engineer
software engineer,software engineer2
technical support specialist,box technical support specialist
help desk technician,intern help desk technician
technical specialist,technical move specialist
software engineer,software build engineer
software engineer,software engineer outlook groups
software engineer,software engineer bing ads
software engineer,software engineer bing msn apps
support specialist,ft4 support specialist
systems software engineer,engineering systems software engineer
help desk technician,global help desk technician
systems analyst,systems business analyst
java developer,abap java developer
system administrator,linux system administrator
application developer,sap abap application developer
technology support specialist,technology support specialist emea
net developer,asp net developer
database administrator,expert database administrator
software developer,principle software developer
software engineer,team software engineer
software engineer,staff software engineer
technical support engineer,demc ccoe vsan technical support engineer
customer support specialist,customer support specialist german
technical support engineer,technical support engineer level
technical support engineer,gss technical support engineer
software engineer,india software engineer
technical support engineer,netbackup technical support engineer
software engineer,software engineer cvr
system administrator,itsm system administrator
technical support engineer,team technical support engineer
systems administrator,linux systems administrator
support specialist,tax support specialist
customer support specialist,customer support specialist with payroll
network engineer,network field engineer
technical support specialist,technical supportg specialist
support specialist,tax support specialist tier
support specialist,turbo tax support specialist
net developer,dotnet developer
software developer,software image developer
technical support specialist,technical support tax specialist support
application developer,mobile application developer
programmer,sas programmer
software engineer,testing software engineer
database administrator,database administrator oracle
database administrator,oracle database administrator
technical support engineer,technical support engineer tse
java developer,test java developer
technical support engineer,citrix technical support engineer
technical support engineer,bangalore technical support engineer
network engineer,cisco network engineer
technology support specialist,technology support sales specialist
technical support engineer,technical support engineer citrix
customer support specialist,global customer support specialist
software quality assurance analyst,software quality assurnce analyst
application support analyst,hcm application support analyst
web developer,full stack web developer
software engineer,edi software engineer
technical support specialist,midline technical support specialist
support specialist,marketing support specialist
support specialist,who calling support specialist
technical specialist,technical specialist tier
technical support specialist,expert technical support specialist
help desk technician,help desk field technician
technical support specialist,remote technical support specialist
support specialist,premium support specialist
technical specialist,technical specialist creative finishing
applications engineer,delcam applications engineer
software engineer,software engineer mcarbon part
software engineer,software engineer staff
database administrator,principle database administrator
application support analyst,peachtree accounting application support analyst
programmer,staff programmer
support specialist,paycom support specialist
support specialist,team support specialist
software developer,staff software developer
help desk specialist,help desk specialists
applications engineer,staff field applications engineer
applications engineer,field applications engineer
software engineer,software engineed
network engineer,field network engineer
network engineer,ips network engineer
technical support specialist,technical support group leader specialist
technical support engineer,principle technical support engineer
systems administrator,principle systems administrator
technical specialist,mechanical specialist
technical specialist,regulatory technical specialist
programmer,plc programmer
applications engineer,applications engineer hvcb
network engineer,voip network engineer
applications engineer,applications engineer cad cam
system analyst,system analyst planning analyst
support specialist,accounts payable support specialist
programmer,programmeur
system analyst,system analytiker
technical support engineer,solidworks technical support engineer
technical support engineer,pdm technical support engineer
software engineer,software hardware engineer
director technology,director technology hosting
software engineer,software engineer efi
software engineer,software engineer sre
systems administrator,online systems administrator
customer support specialist,lrs customer support specialist
application developer,oracle application developer
technology analyst,people technology analyst
software developer,full time software developer
systems designer,steering systems designer
java developer,fullstack java developer
software developer,software developer jan 1014
java developer,j2ee java developer
software engineer,software feature engineer
technical specialist,nvh technical specialist
system designer,fuel system designer
technology coordinator,technology launch coordinator
programmer analyst,cobol programmer analyst
support specialist,support specialist journeyman blockline cmep
technology manager,test technology manager
technology analyst,technology planning analyst
technical support specialist,mechanical technical support specialist
applications engineer,applications tailoring engineer
programmer,cnc programmer
technology director,angola technology director
programmer,sap programmer
technical specialist,field technical specialist
support specialist,purchasing support specialist buyer
programmer,carl zeiss cmm programmer
support specialist,purchasing support specialist
system administrator,system monitoring administrator
technical specialist,technical hotline specialist
application developer,application developer latam
technical support specialist,technical support specialist cso
java developer,mainframe java developer
software engineer,usa software engineer
software engineer,adv software engineer
systems analyst,accounts payable systems analyst
customer support specialist,sales customer support specialist
technical support engineer,technical sales support engineer
programmer,rpg programmer
front end developer,front end developer remote
programmer analyst,programmer analyst bmw china
software engineer,software engineer kpit
network engineer,network engineer voip
programmer,cmm programmer
software quality assurance analyst,software quality assurance leader
database administrator,database administrator database administrator
system analyst,edi system analyst
system analyst,oracle system analyst
support specialist,esc support specialist
software engineer,audio software engineer
technical specialist,kbe technical specialist
programmer,cam programmer
programmer,oracle programmer
programmer analyst,ahcis programmer analyst
technology coordinator,oncology coordinator
technology manager,technology lab manager
programmer,gameplay programmer
help desk specialist,tier help desk specialist
technology manager,technology manager oscr uits
web developer,web developer web developer
programmer analyst,sas programmer analyst
support specialist,live support specialist
support specialist,online live support specialist
programmer analyst,programmer analyst full time
help desk technician,help desk technician richter library
application developer,application develope
support specialist,teaching support specialist
technology analyst,business technology analyst
programmer,cobol programmer
web developer,php web developer
programmer,braille programmer
web developer,ctl web developer
technology support specialist,course technology support specialist
programmer,sql programmer
programmer analyst,programmer analyst builder
support specialist,academic support specialist
programmer analyst,its programmer analyst
network administrator,network domino administrator
systems software engineer,healthsystems software engineer
software engineer,software engineer dba
systems analyst,microsystems analyst
database administrator,database backup administrator
support specialist,support specialist remote
system administrator,exchange system administrator
technology support specialist,technology support specialist facilities
chief technology officer,chief media technology officer
technology support specialist,catlab technology support specialist
technology coordinator,assistive technology coordinator
software developer,software developrt
technology manager,area technology manager
support specialist,fmoc support specialist
software engineer,software engineer yrs
support specialist,guest support specialist
support specialist,dto support specialist
technology manager,technology group manager
technology manager,photo lab technology manager
director technology,director walmart technology
software developer,software developer ust global
application developer,application developer head
programmer analyst,programmer analyst sap abap
database administrator,logistics database administrator
support specialist,core support specialist
system designer,magniolia system designer
database administrator,sql database administrator
technology analyst,technology pmo analyst
director technology,director technology pmo cco
software engineer,software engineerd
software developer,software developer quickly grew
support specialist,support specialist ralph lauren
systems analyst,marketing systems analyst
support specialist,clinique support specialist
technology manager,photo technology manager
technical specialist,sap crm technical specialist
technical specialist,hvac technical specialist
systems administrator,studio systems administrator
technical specialist,technical specialist sales
technical support specialist,technical specialist support
technical specialist,techniacal specialist
technical specialist,delivery technical specialist
technical specialist,lake mary hvac technical specialist
customer support specialist,auditor customer support specialist
technical specialist,technical specialist repair
technical specialist,online technical specialist
technical specialist,technical specialist lawn garden
technical specialist,technical specialist san nas
technical specialist,laundry kitchen technical specialist
technical support specialist,hvac technical support specialist
technical specialist,technical specialists
web developer,web developer oracle
network engineer,network engineer highlights
systems analyst,systems analyst business analyst
technology manager,technology manager michigan markets
technology coordinator,technology team safety coordinator
java developer,role java developer
customer support specialist,inside sales customer support specialist
support specialist,cash handling support specialist
support specialist,support specialist cashier
support specialist,support specialist job
technology coordinator,technology inventory coordinator
support specialist,pin pad support specialist
database administrator,db2 udb database administrator
director technology,director technology logistics gaptech
database administrator,db2 database administrator
help desk technician,csr help desk technician
support specialist,support specialist training
technology support specialist,technology support specialist tier2
support specialist,support specialist tier
systems administrator,planning systems administrator
help desk specialist,store help desk specialist
customer support specialist,customer support furniture specialist
systems analyst,edi systems analyst
technology manager,bpcc technology manager
support specialist,credit support specialist
customer support specialist,customer support sales specialist
net developer,fullstack net developer
software quality assurance analyst,business software quality assurance analyst
customer support specialist,cashier customer support specialist
support specialist,field support specialist fss
programmer analyst,oracle erp programmer analyst
java developer,web java developer
software engineer,software engineer lvl
chief information officer,interim chief information officer
software developer,software developer olap ssas
support specialist,mac support specialist
technology director,technology director marketing
programmer analyst,programmer annalyst
technology support manager,technology sales support manager
help desk specialist,help desk specialst
system analyst,system analyst oracle dba
technology manager,logistics technology manager
technology support specialist,technology support specialist cashier
webmaster,webmaster sav
technical support specialist,technical support specialist level
technical support specialist,level technical support specialist
programmer,team programmer
support specialist,support specialist sales
application developer,android application developer
technology support specialist,technology support billing specialist
java developer,java soa developer
technical specialist,iss technical specialist
technical specialist,cad technical specialists
network engineer,network planning engineer
technology support specialist,android technology support specialist
technical support specialist,dsl technical support specialist
network engineer,network planning engineering
support specialist,billing support specialist
technical specialist,idc technical specialist
chief technology officer,chief staff chief technology officer cto
customer support specialist,customer support specialist ats
technology support specialist,billing technology support specialist
customer support specialist,customer sales support specialist
customer support specialist,bilingual customer support specialist
application developer,ios application developer
application developer,mean stack application developer
technology support specialist,lms technology support specialist
customer support specialist,customer support specialist bilingual
technical support specialist,technical support specialist sales
technical specialist,cad technical specialist
network engineer,nmci network engineer
customer support specialist,business customer support specialist
support specialist,support specialist csr
technical support specialist,technical support specialist ccr
application developer,application developer sql
technical support specialist,technical support specialist tsc
telecommunications specialist,engineering telecommunications specialist
technical support specialist,wifi technical support specialist
java developer,hadoop java developer
programmer analyst,team programmer analyst
network engineer,dtac network engineer
technical support specialist,tier dsl technical support specialist
technical support specialist,team technical support specialist
system administrator,system administrator backup
network engineer,ipt network engineer
technology manager,business technology manager
technology manager,field technology manager
software engineer,software engineer sme
application developer,android mobile application developer
customer support specialist,customer support specialsist
application support analyst,unix application support analyst
application developer,ios mobile application developer
web developer,web developer html5 developer
technical specialist,bvoip technical specialist
technology support specialist,technology support specialist colombia
technology director,global technology director
technical specialist,dsl technical specialist
telecommunications specialist,telecommunications repair specialist
telecommunications specialist,telecommunications account specialist
technical support specialist,team support specialist technical support
network engineer,network engineer js6
technology manager,tax technology manager
technology manager,technology advisory manager
system analyst,system analyst cssa
technology analyst,technology audit analyst
systems administrator,systems adminstrator
technical specialist,forensics technical specialist
support specialist,meeting support specialist
software engineer,software engineeer
technology director,technology delivery director
software developer,atg software developer
software quality assurance analyst,software quality assurance test analyst
programmer analyst,programmer analyst powerbuilder
system analyst,system analyst absa
network engineer,network engineer expert
system administrator,citrix system administrator
technology analyst,technology analyst gsc audit
technology analyst,technology advisory analyst
technology manager,technology knowledge manager
net developer,net dynamics 365 developer
systems administrator,systems tax administrator
support specialist,sortie support specialist
system administrator,system administrator leidos
technical support specialist,technical support specialist ati
telecommunications specialist,military telecommunications specialist
database administrator,dba database administrator
software engineer,usaf software engineer
network administrator,network administator
database administrator,european database administrator
systems administrator,systems administrator cdm sme
database administrator,volunteer database administrator
application developer,application developer mobile ios
application support analyst,mainframe application support analyst
applications engineer,foundry applications engineer
software developer,iot software developer
technical specialist,technical specialist sme
java developer,team leader java developer
software engineer,software packaging engineer
application developer,websphere application developer
support specialist,bid support specialist
technical specialist,adi technical specialist
application developer,application developer j2ee
system administrator,aix system administrator
application developer,tririga application developer
network engineer,network engineer sme
technology analyst,technology analyst trainee
technical support specialist,technical support specialist tss
application developer,application developer ios
information security,information security advisor
application developer,application developer qlikview cognos
systems analyst,dev systems analyst
technical support engineer,technical support staff engineer
technical specialist,noida technical specialist
application developer,application developer oracle apps
technology manager,technology people manager
software engineer,software engineer grade
technical support specialist,oracle technical support specialist
technical support specialist,tehnical support specialist
software engineer,software engineer band
application developer,maximo application developer
technology coordinator,ibm field technology coordinator
software developer,software hardware developer
application developer,application developer lotus notes
system administrator,as400 system administrator
system administrator,system administrator linux
application developer,sap application developer
application support analyst,application support analyst oracle apps
cloud consultant,cio advisory cloud consultant
database administrator,sna database administrator
system administrator,aix linux system administrator
application developer,title application developer
technology coordinator,business technology coordinator
application developer,iib application developer
systems administrator,aix systems administrator
technical specialist,wcm technical specialist
system administrator,solaris linux system administrator
system administrator,hpux system administrator
support specialist,language support specialist
technology manager,technology manager omgeo
application developer,application developer iga
technical support engineer,technical support engineer field engineer
cloud architect,paas iaas cloud architect
computer programmer,advisory computer programmer
technology manager,stg technology manager
programmer,advisory programmer
system administrator,taleo system administrator
network administrator,ibm network administrator
application developer,application developer band
support specialist,bid suppport specialist
technical specialist,linux aws technical specialist
application developer,wcs application developer
database administrator,sybase database administrator
application developer,application developer module
programmer analyst,programmer analyst sis
technology support specialist,technology support specialist team
database administrator,db2 database adminintrator
technical specialist,technical specialist linux rhel
application developer,application developer linux
technology support manager,technology support manager lenovo
technical support specialist,cics technical support specialist
application developer,application developer unix
application developer,application developer siebel
application developer,application devloper
database administrator,fulltime team oracle database administrator
software engineer,software firmware engineer
system administrator,shift leader linux system administrator
systems administrator,tec systems administrator
application developer,application developer sap hana
support specialist,itcam support specialist
application developer,application developer unix perl
database administrator,physical db2 database administrator
system analyst,system analyst sqa
application developer,ltd application developer
application developer,application developerr
systems analyst,systems analyzer
application developer,siebel application developer
application developer,application developer nyc
system analyst,system analyst sap
technical support engineer,tpc level technical support engineer
application developer,application developer cognos
database administrator,db2 database administrator zos
technical support specialist,email technical support specialist
technical support engineer,certified technical support engineer
software engineer,software engineer lenovo
technical support specialist,advisory technical support specialist
database administrator,sap oracle database administrator
database administrator,db2 database administrator sap
system administrator,ibm aix system administrator
technical support engineer,global technical support engineer
application developer,abap application developer
software developer,software developer cognos tm1
technical support engineer,technical support engineer gts
technical support specialist,technical support specialist scs
system analyst,system analyst 2yrs
software developer,software developer full time position
network engineer,team network engineer
programmer analyst,programmer analyst testing
database administrator,database administrator db2
technical support specialist,1st line technical support specialist
technical support engineer,worked technical support engineer
software engineer,ibm staff software engineer
support specialist,aix support specialist
software developer,aim software developer
software engineer,seniro software engineer
technical specialist,specialist field technical sales
software engineer,software enggineer
system administrator,400 system administrator
application developer,application deeloper
database administrator,database administrador
chief technology officer,cto chief technology officer
database administrator,sql database oracle administrator
information security,information security expert
software developer,software developer grupo modelo
software developer,software developer j2ee
network engineer,network engineer mts
systems administrator,aix linux systems administrator
technical specialist,verizon technical specialist
system administrator,ibm system administrator
database administrator,spec database administrator
software engineer,software engineer vdms
software engineer,role software engineer
support specialist,cell phone support specialist
cloud consultant,fraud consultant
support specialist,reprehensive support specialist
system administrator,dynamics tax system administrator
system analyst,system analysts
telecommunications specialist,analyst telecommunications specialist
network engineer,network engineer ecis
system analyst,billing system analyst
network engineer,fios network engineer
network engineer,video network engineer
technical specialist,fsc technical specialist
technical support specialist,home technical support specialist
technical support specialist,technical support specialit
network engineer,network engineer fios
java developer,java atg developer
application support analyst,application support analyst team
application support analyst,application support business analyst
software engineer,software engineer verizon
technology analyst,technology analyst salary perm
technology analyst,technology ananlyst
technical specialist,global technical specialist
help desk technician,spot help desk technician
database administrator,web hosting database administrator
system administrator,window system administrato
technology support specialist,team technology support specialists
technical support engineer,level technical support engineer
technical support engineer,field technical support engineer
software engineer,software engineer hpe
support specialist,ito support specialist
application developer,application developer cobol
technical specialist,technical specialist csm
software engineer,team software engineering
software engineer,software engineer sse
software engineer,software engineering team
technology support specialist,infra technology support specialist
software engineer,software engineering test
system analyst,epic system analyst
software engineer,oracle ccb software engineer
software engineer,software engineering team leader
database administrator,oracle sql database administrator
systems analyst,team systems analyst
software engineer,idc software engineer
technical support specialist,app technical support specialist
systems analyst,business analyst systems analyst
programmer analyst,programmer analyst level
software engineer,software engineering sse
software engineer,seniorsoftware engineer
front end developer,digital front end developer
software engineer,pmo software engineer
software developer,software developer level
system analyst,system analyst team leader
software engineer,software engineer full time employee
programmer,programmermumbai
systems analyst,systems analyst team leader
system analyst,system analyst system analyst
software engineer,banglore software engineer
technical specialist,sap technical specialist
software engineer,chennai software engineer
systems administrator,taleo systems administrator
information security,gis global information security
web developer,web developer jefe equipo
computer programmer,computer programmer programacin
applications engineer,applications engineer devops
systems analyst,systems business analyst oracle
technical support engineer,cpq technical support engineer
systems analyst,linux systems analyst
applications engineer,applications engineer ic5
cloud consultant,marketing cloud consultant
software developer,software developer sde3
technical support engineer,principle technical support engineer ebs
technical support engineer,bde technical support engineet
cloud consultant,cloud upgrade consultant
system analyst,linux system analyst
applications engineer,principle applications engineer
technical support engineer,technical support engineer otac
technical support engineer,oracle dba technical support engineer
technical support engineer,technical support engineer global
technical support engineer,oracle hrms technical support engineer
database administrator,oracle postgressql database administrator
system analyst,400 system analyst
technology analyst,chennai technology analyst
technology analyst,technology analayst
technology analyst,sap technology analyst
technology analyst,technology analyst oracle dba
system administrator,system administrator windows
technology analyst,technology analyst full time
technology analyst,role technology analyst
front end developer,front end back end developer
java developer,team member java developer
technology analyst,technology analyst dba
java developer,rpa java developer
technology analyst,technology analyst sap hcm
system administrator,system administrator bps
technology analyst,test technology analyst
technology analyst,technology analyst pune
system administrator,maximo system administrator
technology analyst,technology analyst tcs
programmer analyst,india programmer analyst
java developer,module java developer
application developer,oracle ebs application developer
programmer analyst,programmer anaylyst
software engineer,job role software engineer
technology analyst,technology analyst from11
net developer,angularjs net developer
web developer,drupal web developer
technology analyst,technology analyts
database administrator,database administrator vertica
software quality assurance analyst,software quality assurance analyst cisco systems
java developer,java sql developer
java developer,java developer dbms
systems administrator,bmc bbca systems administrator
technology analyst,technology analyst unix
systems analyst,role systems analyst
technology analyst,india technology analyst
technology analyst,technology analyst ita
technology analyst,tcs technology analyst
programmer,ios programmer
technology analyst,technology analyst team leader
application developer,iphone ipad application developer
network administrator,network adminstrator
application support analyst,level application support analyst
technology systems administrator,technology systemadministrator
net developer,sdet developer
web developer,angular web developer
technology support specialist,technology support specialist level
software engineer,software engineer oracle sql
technology analyst,ims technology analyst
application developer,team application developer
technology analyst,technology analyst ios
application developer,india application developer
programmer analyst,programmer analyst oracle retail
system analyst,role system analyst
technology analyst,team technology analyst
application support analyst,application support analysis qnxt
software developer,software developer fnsp
software developer,software developer edp
software engineer,software engineer citibank
software developer,india software developer
technology analyst,sydney technology analyst
technology analyst,technology analyst onsite
application developer,application developer finacle
network engineer,network engineer kmr
technology analyst,technology analyst sap
technology analyst,joined technology analyst
technical specialist,technical specialis
technology analyst,tehnology analyst
network engineer,network osp isp engineer
network engineer,sdwan network engineer
systems analyst,cfs billing systems analyst
system administrator,aix system administrator linux administrator
technology manager,technology manager manager
software developer,sap hcm software developer
technical support specialist,technical support specialist bus
technical support specialist,bcss technical support specialist
support specialist,dsl noc support specialist
programmer,rcmac programmer
network administrator,mis windows network administrator
network architect,tess network architect
software engineer,saic software engineer
systems administrator,itsm systems administrator
network engineer,sccm network engineer
database administrator,database administrator chcs
technical support engineer,emc xtremio technical support engineer
technical support specialist,dell technical support specialist
system analyst,india system analyst
technology analyst,bangalore technology analyst
support specialist,pro support specialist
support specialist,advisory field support specialist
technical support specialist,technical support specialist anz
associate developer,associate developer dot net
technology support specialist,technology support specialist tss
technical support specialist,technical support specilist
technical support specialist,technical support speacialist
software engineer,software san engineer
technical support specialist,technical support specialist coach
technical support specialist,gold technical support specialist
software engineer,software engineer fulltime
support specialist,chat support specialist
help desk technician,level one help desk technician
application support analyst,tax support analyst cash applications
technical support specialist,premium technical support specialist
software engineer,softwarae engineer
software engineer,oracle software engineer
software engineer,software engineering full time
programmer analyst,programmer analyst trainee
application developer,application developer developer
associate developer,associate oracle sql developer
programmer analyst,programmer analyst trainee pat
programmer analyst,woking programmer analyst
application developer,etl application developer
programmer,programmer full time
programmer analyst,programmer analyst role
programmer analyst,programmer analysts trainee
programmer analyst,programmer analyst crm
programmer analyst,programmer analyst role team
programmer analyst,programmer analayst
application developer,application developer pat
programmer analyst,programmer analyst sme
associate developer,associate etl developer
technology analyst,citrix technology analyst
programmer analyst,programmer analyst sharepoint
java developer,liferay java developer
software engineer,software engineer leader
programmer analyst,programmer analyst metlife
programmer,india programmer
associate developer,associate sql etl developer
software engineer,software engineer cts
programmer analyst,programmer analyst cts
programmer analyst,programmer analyst gis
programmer analyst,programmer ananlyst
programmer analyst,programmer analyst trainee programmer analyst
programmer analyst,proggrammer analyst
java developer,adm java developer
web developer,mobile web developer
programmer analyst,programmer analyst sap
programmer analyst,programmeur analyst
network engineer,network engineer lan mgmt
network engineer,network engineer kelley barracks
software engineer,software test engineer software engineer
network engineer,gdit network engineer
network administrator,network administrator voip
systems administrator,time systems administrator
help desk technician,seior help desk technician
customer support specialist,inbound customer support specialist
systems administrator,systems administrator mc4
system administrator,system administrator gdit
systems analyst,systems analyst sme
network administrator,network administrator gboss
help desk specialist,navy erp help desk specialist
support specialist,lan support specialist
help desk technician,windows installer help desk technician
network engineer,network voip engineer
information security,member information security
software engineer,software upgrade engineer
technical support engineer,tier3 technical support engineer
system analyst,radio system analyst
application support analyst,linux application support analyst
systems administrator,exchange systems administrator
director technology,director technology leader
software architect,team software architect
programmer,plsql programmer
programmer analyst,programmer analyst fsi
software engineer,software engineer mfc sql
systems analyst,boeing systems analyst
application developer,application developer cogen
cloud consultant,oracle fusion hcm cloud consultant
system administrator,prof system administrator
technology manager,technology manager various roles
programmer analyst,programmer analyst leader
software developer,software developer full stack
support specialist,india specialist support specialist
support specialist,full time kindle support specialist
software engineer,software engineer lab126
technology support specialist,kindle technology support specialist where
technology support specialist,global technology support specialist
software developer,software developer domex
software developer,software developer deams
systems administrator,caci systems administrator
technology systems administrator,nexgen technology systems administrator
database administrator,hsdw database administrator
systems administrator,itfo systems administrator
technology manager,technology manager latam
software developer,software developer staff
application developer,staff application developer
network architect,smnetwork architect
software engineer,software engineerr
software developer,software developer banking domain
network engineer,avp atm network engineer
web developer,web developer fullstack
system administrator,messaging system administrator
software engineer,software erngineer
programmer analyst,programmer analyst mtsb
information security,information security leader
database administrator,oracle mongo database administrator
net developer,filenet developer
system administrator,ibm 400 system administrator
systems analyst,c4i systems analyst
systems administrator,systems sas administrator
systems analyst,systems analyst leader
information security,information security engg
technology analyst,technology analyst workday hcm
programmer analyst,programmer analyst t24
systems analyst,systems analyst highlights
technical support specialist,online technical support specialist
network administrator,network administrator lan wan
systems analyst,xerox systems analyst
technical support engineer,ios technical support engineer
technical support specialist,billing specialist technical support
support specialist,scheduling support specialist
technology coordinator,valo technology coordinator
system analyst,igen3 system analyst
system analyst,system analyst sme
customer support specialist,itunes customer support specialist
programmer,mvs programmer
technical support specialist,sprint technical support specialist
system analyst,tem analyst
technical support specialist,android technical support specialist
technology support specialist,sprint technology support specialist
support specialist,android support specialist
technical specialist,technical specialist ops
technical specialist,dept 231 technical specialist
customer support specialist,customer billing support specialist
help desk technician,help desk technician internship
java developer,agile java developer devops
systems analyst,business tax systems analyst
system administrator,dba system administrator
programmer,programmer programmer
technical support specialist,technical support specialist amazon
technology support specialist,technology support specialist microsoft
network engineer,network engineer ssr2
technical support specialist,technical support specialist 3rd level
software engineer,software engineer web
help desk technician,capital one help desk technician
technology analyst,wash technology analyst
systems administrator,field systems administrator
database administrator,adabas database administrator
help desk technician,microsoft global help desk technician
technical specialist,technical specialist plm
application developer,profile application developer
technical specialist,technical specilist
software developer,software developer gtech
software engineer,software engineer crm
software engineer,software engineer hcl
software engineer,software engineer sql dba
technical specialist,technical specialist vmware
web developer,role web developer
database administrator,working oracle database administrator
technical specialist,technical specialist hcl america
database administrator,sybase mongodb database administrator
technical specialist,technical specialist voip
software engineer,software engineer linux
technical support engineer,technichal support engineer
application support analyst,business analyst application support
technical specialist,technical specialist vmware windows
technical specialist,technical specialist tier3
technical specialist,technical specialist sql dba
technical specialist,technical specialist technical
application support analyst,analyst application support
technical specialist,chennai technical specialist
system administrator,linux aix system administrator
software engineer,software engineer bangalore
software engineer,bangalore software engineer
software engineer,software engineer vlsi domain
technology analyst,technology analyst biomrieux
technical support engineer,technical support engineer field trainer
cloud consultant,oracle cloud erp consultant
software quality assurance analyst,software analyst quality assurance full time
technical support engineer,technical support engineer dl1
software engineer,softeware engineer
technical support engineer,technical support lvl sql engineer
technical specialist,technical specialist uae
systems analyst,systems analyst staff
software developer,software developer bangaluru
java developer,core java developer ericson
programmer analyst,programmer analyst team leader
java developer,core java developer
database administrator,sql database adminstrator
software engineer,software enngineer
network engineer,thdk network engineer
technical support engineer,technical support engineer microsoft
application developer,application developer wcs
technical support engineer,technical support engineer dell
application support analyst,application support analyst offshore
software engineer,software engineer madiwala
technical support engineer,3rd line technical support engineer
technical specialist,technical specialist nms
software developer,role software developer
front end developer,angularjs front end developer
database administrator,microsoft sql database administrator
software engineer,software engineer firmware
software engineer,svc software engineer
application developer,reactjs application developer
customer support specialist,remote customer support specialist
web administrator,marketing web administrator
network engineer,noc network engineer
software engineer,software engineer oneview
software developer,test software developer
systems software engineer,systems software engineer remote
systems software engineer,principle systems software engineer
technical support engineer,technical support engineer ito
desktop support specialist,desktop support specialists
application developer,window application developer
technical support engineer,india technical support engineer
web administrator,training advisorweb administrator
software engineer,j2ee software engineer
software developer,software developed
technical support engineer,technical support engineer wwarc
system analyst,system analyst builder
software developer,cno software developer
help desk specialist,staff help desk specialist
systems administrator,staff systems administrator
system administrator,staff system administrator
system administrator,system administratoe
telecommunications specialist,telecommunications systems specialist
support specialist,premiere support specialist
help desk technician,pss help desk technician
software quality assurance analyst,analyst software quality assurance
technology support specialist,field technology support specialist
technology analyst,field technology analyst
technical support specialist,epic technical support specialist
java developer,sql developer java developer
application support analyst,level banking application support analyst
support specialist,pki support specialist
software engineer,software engineers
database administrator,database administator
systems analyst,plenum systems analyst
computer programmer,role title computer programmer
software engineer,software engineer sap hcm
software developer,software developer dev
technology analyst,1st line technology analyst
cloud architect,hybrid cloud architect
technical support specialist,unix technical support specialist
system analyst,system analyst j2ee
technology support specialist,technology support specialist full time
database administrator,chennai database administrator
software engineer,software engineer handling
java developer,sidg java developer
technology support specialist,technology support specialist years
software engineer,hpc software engineer
network engineer,network engineering
network engineer,newtwork engineer
application developer,application developer dba
software developer,core software developer
technical support engineer,technical support engineer rnam
system analyst,system analytic
technical support engineer,technical support engineer iiitac
network architect,team network architect
technical support engineer,usa technical support engineer
webmaster,tester webmaster
software engineer,software embedded engineer
technology support specialist,technology technology support specialist
software engineer,software engineer full time
technical support engineer,technical suport engineer
help desk technician,help desk technician tier
technology support specialist,remote technology support specialist
application developer,sql application developer
software engineer,software engineer role
network engineer,nokia network engineer
software engineer,software engineer oracle
network administrator,linux network administrator
associate developer,associate sql developer
network engineer,network build engineer
software engineer,software engineer bpmt tibco
technical support engineer,technical support engineer field support engineer
software developer,software developer bpm verse
technical support specialist,technical support specialist globe broadband
chief information officer,chief information office cio
cloud consultant,web cloud consultant
software engineer,software engineer mahindra satyam
software developer,team software developer
software engineer,visakhapatnam software engineer
application developer,oracle siebel crm application developer
system analyst,obiee system analyst
database administrator,idms database administrator
system administrator,team system administrator
technology analyst,technology analyst level
systems analyst,systems analysis analyst
help desk technician,nmci help desk technician
network engineer,disa goc jrss network engineer
network engineer,network engineer verizon
web administrator,web hosting administrator
help desk technician,help desk technician alaska airlines
network engineer,network engineer citigroup
computer programmer,computer programmer excel vba programmer
network engineer,staff network engineer
software engineer,software engineer june
cloud architect,public cloud architect
software developer,software developer mts2
software engineer,firmware engineer software engineer
software engineer,software engineer cgi
technology analyst,sasmo technology analyst
help desk technician,help desk technician siroms
programmer analyst,programmeur analyste
desktop support specialist,desktop support specialist burnaby
database administrator,database administrator oracle9i 10g linux
programmer,php programmer
software engineer,mars trex software engineer
technology coordinator,technology audit coordinator
technical specialist,logistics technical specialist
programmer,programmer oracle
information security,information security investigator
customer support specialist,customer support specialist watchdog
network administrator,lan network administrator
software developer,linux software developer
application developer,oracle sql application developer
technology support specialist,ind technology support specialist gss uam
associate developer,associate marklogic developer
system administrator,crm system administrator
technical specialist,technical specialist technical publishing
help desk specialist,help desk specialist acting team
computer programmer,computer programer
database administrator,database administrator oem
director technology,global director technology
technical support specialist,technical underwriting support specialist
technical specialist,technical mail specialist
cloud consultant,devops cloud consultant
programmer,html xml programmer
software developer,software developer dynamics
software developer,software developer devops
software developer,software developer onshore developer
help desk specialist,help desk specialist tier1
database administrator,certified database administrator
applications engineer,lighting applications engineer
applications engineer,oracle applications engineer
net developer,etl net developer
application developer,tpf application developer
software developer,ztpf software developer
system designer,system domain designer
network administrator,network administrator lll
java developer,java sql plsql developer
system administrator,system admministrator
support specialist,techsupport specialist
customer support specialist,customer support specialist post sales
web developer,global web developer
technical support engineer,technical support engineer sme
technology coordinator,technology coordinator tier
support specialist,online support specialist
software developer,software developer edi
technical specialist,digital technical specialist
support specialist,diagnostic support specialist
support specialist,gaming support specialist
technical support engineer,technical support engineer las vegas
technical support specialist,xbox technical support specialist
support specialist,claim support specialist
technical support engineer,mcafee technical support engineer
technical support specialist,intuit quicken technical support specialist
customer support specialist,customer support specialist turbo tax
technical support specialist,ufo technical support specialist
technical support specialist,smartphone technical support specialist
technical support specialist,inbound technical support specialist
support specialist,audio support specialist
customer support specialist,css customer support specialist
support specialist,shift support specialist
system administrator,windows linux system administrator
web developer,web developer sme
software engineer,delv software engineer
software engineer,software enginee
technical support engineer,technical support engineer hgs
system administrator,tsm system administrator
technical support engineer,company technical support engineer
technical support engineer,month technical support engineer
network engineer,network engineer gnoc
software engineer,software engineer mphasis
technical support engineer,technical support enginier
technical support engineer,vertical technical support engineer
customer support specialist,customer support benefit specialist biologics
programmer analyst,edi programmer analyst
database administrator,sql database administrator dba
technology coordinator,pathology coordinator
database administrator,oracle apps r12 database administrator
web developer,oracle sql web developer
customer support specialist,online customer support specialist
programmer analyst,apps programmer analyst
support specialist,loan support specialist
support specialist,banking support specialist
technical support engineer,technical support engineer tier2
system analyst,system analyst wholesale
technology coordinator,technology coordinator bsc5
technology manager,group technology manager
systems analyst,systems analyst level
application support analyst,system application support analyst
web developer,j2ee web developer
applications engineer,sas applications engineer
front end developer,front end developer developer
support specialist,credit support specialist lll
application developer,agile application developer
software engineer,softwtware engineer
systems analyst,tax systems analyst
customer support specialist,mortgage banking customer support specialist
support specialist,trade support specialist
software developer,software developer full time
application developer,hadoop application developer
technology analyst,technology analyst ops
software developer,software developer gwm
customer support specialist,customer support specialist full time
technical support specialist,technical support specailist
software developer,software developer etl developer
application support analyst,application monitoring support analyst
customer support specialist,customer loan support specialist
application developer,team leader application developer
technology analyst,small business banking technology analyst
technology analyst,cob technology analyst
database administrator,database administrator citi
application support analyst,avp application support analyst equites
programmer,tpf programmer
network administrator,network administrador
software developer,software developer citi trade
system administrator,oracle system administrator
customer support specialist,customer support specialist citi gold
programmer analyst,programmer analyst avp
application developer,application developer avp
support specialist,doc support specialist
software developer,software developer dwh
java developer,java etl tool developer
chief technology officer,office chief technology officer
technical specialist,avp technical specialist
technical support specialist,online banking technical support specialist gcs
systems analyst,systems analyst full time
network engineer,mft network engineer
network engineer,network engineer gns
systems analyst,principle systems analyst
systems analyst,systems analyst bpm xtrac
customer support specialist,customer support specialist 401 pension
software engineer,software engineer eucc
application developer,intern application developer
support specialist,business banking support specialist
application developer,application developer banking domain
desktop support manager,regional desktop support manager
java developer,java j2ee fullstack developer
network administrator,payback network administrator
chief technology officer,chief technology officer payback
database administrator,full time employee database administrator
database administrator,oracle mysql database administrator
director technology,director technologies
programmer analyst,programmer analyst gcst
technology support manager,technology support manager exempt
web developer,staff web developer ebt
system analyst,system analyst lsa
technology support specialist,benefits portal technology support specialist
systems analyst,hro systems analyst
support specialist,benefit support specialist
application developer,application developer chicago
support specialist,benefit support specialist june
programmer analyst,programmer analyst exp
support specialist,review support specialist
system analyst,system analyst full time
web developer,eftps web developer
software developer,software developer cdr
chief technology officer,chief technology officer founder
software developer,software developder
customer support specialist,doc specialist customer support
system architect,edo system architect
systems administrator,red hat linux systems administrator
chief technology officer,chief technology officer group
associate developer,associate full stack developer
software engineer,full time software engineer
associate developer,associate developer full time
programmer analyst,programmer analyst cif
help desk technician,advanced help desk technician
technical support specialist,technical support specialist as400
support specialist,selling guide support specialist
programmer,programmers
help desk technician,help desk technician intern
help desk specialist,trades help desk specialist
software quality assurance analyst,software quality assurance advisor
systems analyst,purchasing systems analyst
support specialist,ira support specialist
technical specialist,business technical specialist
programmer analyst,programmer analyst healthcare
support specialist,closing support specialist
application developer,pega application developer
chief technology officer,chief technology office
technology manager,svp technology manager
technology analyst,analyst bus technology anly
support specialist,support staff specialist
information security,team risk aim information security
systems analyst,systems analyst avp
front end developer,javascript front end developer
database administrator,database administrator db2 mvs aix
technical specialist,technical triage specialist
software engineer,software engineer ccvt
customer support specialist,customer support specialist loss mitigation
programmer,avp programmer
database administrator,db2luw database administrator
software developer,software developer grc
support specialist,retail lockbox support specialist
software architect,software architekt
chief technology officer,secretary chief technology officer
software developer,400 software developer
software engineer,software engineer hadoop
systems administrator,400 systems administrator
help desk technician,field help desk technician
help desk specialist,atm help desk specialist
software developer,software developer actuary
net developer,ibm filenet developer
java developer,java developer etl developer
java developer,flex core java developer
systems administrator,benefit systems administrator
support specialist,lockbox support specialist
technology manager,avp technology manager
application developer,application developer application
application support analyst,trading application support analyst
applications engineer,applications engineer cvp
application support analyst,business analyst application support analyst
technology analyst,technology grc analyst
application developer,application devaloper
application support analyst,broker application support analyst
support specialist,impac support specialist
programmer analyst,programmer analys
software developer,software developer dba
technology coordinator,benadmin technology coordinator
technical support engineer,technical support engineer middleware
technology analyst,technology analyst sde
support specialist,team support specialist band
technology analyst,test tools technology analyst
support specialist,team support specialist tss
support specialist,imac support specialist
application support analyst,business application support analyst sme
system analyst,taleo system analyst
technology coordinator,group technology coordinator
information security,information security auditor
software architect,staff software architect
technical specialist,technical advising specialist
technology manager,technology manager erp sap
technical specialist,technical specialist corbin csx shop
applications engineer,sales applications engineer
programmer,methods programmer
software engineer,scada software engineer
help desk technician,help desk technician advisor
systems analyst,soa bpm systems analyst
application developer,core application developer
systems administrator,systems administrator cics
help desk technician,help desk technician temporary
programmer analyst,programmer analysr
technology coordinator,mcsa technology coordinator
application developer,iphone application developer
technology manager,delivery technology manager
technology coordinator,regional technology coordinator
software quality assurance analyst,software quality assurance analyst engineer
application support analyst,portland oregon application support analyst
technical specialist,technical specialist teacher
technical support specialist,technical support specialist tsspec
software engineer,software engineering fellow
software engineer,software engineering student
computer information systems manager,computer information systems managers
support specialist,aircrew life support specialist
network engineer,network engineer cyberdefenses
software engineer,software engineer hill
support specialist,aircraft support specialist
computer programmer,computer programmer journeyman
chief technology officer,adjunct chief technology officer c3i peo
network engineer,network eingineer
computer programmer,computer programmer awacs
support specialist,digital life billing support specialist
support specialist,support fleet specialist
systems analyst,ucmdb systems analyst
software engineer,uhg software engineer
application developer,itsm application developer
application developer,application developer ogs
help desk specialist,medicare help desk specialist
telecommunications specialist,telecommunications specialist csr
help desk specialist,lpn help desk specialist
system analyst,system analyst business analyst
programmer analyst,business programmer analyst
support specialist,lab lab support specialist
support specialist,imaging support specialist
software engineer,software vcp engineer
software engineer,ilinq software engineer
java developer,team java atg developer
technical specialist,zone technical specialist
web developer,sfdc web developer
software engineer,gcx software engineering
network engineer,network engineer yash
desktop support specialist,desktop support specialist team
programmer analyst,j2ee programmer analyst
front end developer,analyst front end developer
programmer analyst,as400 programmer analyst
technology support specialist,technology support specialist tier1
support specialist,support specialist liaison
support specialist,lab support specialist
technical specialist,reviewing technical specialist
help desk specialist,help desk specialist stage
java developer,java developer healthcare
java developer,java flex developer
support specialist,imag support specialist
systems administrator,imaging systems administrator
director technology,director technology acting
systems administrator,ibm systems administrator
support specialist,itd support specialist
director technology,director technology pmo
technology analyst,technology analyst brec
technology coordinator,surgery technology coordinator
programmer,rave programmer
programmer,programmer cdp
technology coordinator,intern technology coordinator
help desk specialist,universal help desk specialist
chief information officer,chief information officer west region
application support analyst,ehr application support analyst
java developer,java fullstack developer
system architect,bpm system architect
programmer analyst,programmer analyst staff
technical support specialist,technical support training specialist
support specialist,phone support specialist
programmer analyst,programmer analysat
technology manager,care360 technology manager
application developer,application developer dragon expert
programmer,edi programmer
systems administrator,iam systems administrator
application support analyst,tier application support analyst
database administrator,database admininstrator
support specialist,epic support specialist
customer support specialist,customer system support specialist
chief information officer,regional chief information officer
technology coordinator,radiology coordinator
systems analyst,systems analyst epic
desktop support specialist,desktop support specialist imac
systems analyst,epic systems analyst
technical specialist,diagnostic imaging technical specialist
support specialist,mailroom specialist support
technology analyst,technology field technology analyst
programmer analyst,400 programmer analyst
support specialist,cmc support specialist
support specialist,support specialist clerk
support specialist,epic live support specialist
systems analyst,systems analyst cvis
database administrator,database administrator legal affairs
network systems administrator,bhqn network systems administrator
programmer analyst,programmer analyst dba
systems analyst,scheduling systems analyst
technology analyst,testing technology analyst
